Workbook

Sheet Итоги
A2: Самокат 1 А — результаты анализа
A4: Последняя полная неделя | D4: Доходность = (оборот − себестоимость − потери) / оборот. Это доходность после товарных потерь, без операционных затрат.
A5: Начало недели | B5: =MAX('Данные'!A2:A505)-WEEKDAY(MAX('Данные'!A2:A505),2)-6 -> 43976
A6: Конец недели | B6: =B5+6 -> 43982
A7: Оборот компании руб | B7: =SUMIFS('Данные'!D2:D505,'Данные'!J2:J505,B5) -> 1.0556535e+09 | D7: Склады — среднее за 7 календарных дней. Пропуски территорий не приравниваются к нулевым продажам. Сумма клиентов за дни не является уникальными клиентами недели.
A8: Доходность после потерь | B8: =(B7-SUMIFS('Данные'!E2:E505,'Данные'!J2:J505,B5)-SUMIFS('Данные'!F2:F505,'Данные'!J2:J505,B5))/B7 -> 0.22291109
A11: Территория | B11: Оборот руб | C11: Доля оборота | D11: Складо дни | E11: Склады в среднем | F11: Оборот на склад руб | G11: Наценка | H11: Доходность | I11: Ранг доли | J11: Ранг на склад
A12: Волгоград | B12: =SUMIFS('Данные'!$D$2:$D$505,'Данные'!$J$2:$J$505,$B$5,'Данные'!$B$2:$B$505,A12) -> 46485094 | C12: =B12/$B$7 -> 0.044034424 | D12: =SUMIFS('Данные'!$G$2:$G$505,'Данные'!$J$2:$J$505,$B$5,'Данные'!$B$2:$B$505,A12) -> 256 | E12: =D12/7 -> 36.571429 | F12: =IF(E12=0,NA(),B12/E12) -> 1271076.8 | G12: =IF(SUMIFS('Данные'!$E$2:$E$505,'Данные'!$J$2:$J$505,$B$5,'Данные'!$B$2:$B$505,A12)=0,NA(),B12/SUMIFS('Данные'!$E$2:$E$505,'Данные'!$J$2:$J$505,$B$5,'Данные'!$B$2:$B$505,A12)-1) -> 0.27099534 | H12: =IF(B12=0,NA(),(B12-SUMIFS('Данные'!$E$2:$E$505,'Данные'!$J$2:$J$505,$B$5,'Данные'!$B$2:$B$505,A12)-SUMIFS('Данные'!$F$2:$F$505,'Данные'!$J$2:$J$505,$B$5,'Данные'!$B$2:$B$505,A12))/B12) -> 0.18706504 | I12: =RANK(C12,$C$12:$C$29,0)+COUNTIFS($C$12:C12,C12)-1 -> 6 | J12: =RANK(F12,$F$12:$F$29,0)+COUNTIFS($F$12:F12,F12)-1 -> 6
A13: Екатеринбург | B13: =SUMIFS('Данные'!$D$2:$D$505,'Данные'!$J$2:$J$505,$B$5,'Данные'!$B$2:$B$505,A13) -> 50729186 | C13: =B13/$B$7 -> 0.048054769 | D13: =SUMIFS('Данные'!$G$2:$G$505,'Данные'!$J$2:$J$505,$B$5,'Данные'!$B$2:$B$505,A13) -> 217 | E13: =D13/7 -> 31 | F13: =IF(E13=0,NA(),B13/E13) -> 1636425.3 | G13: =IF(SUMIFS('Данные'!$E$2:$E$505,'Данные'!$J$2:$J$505,$B$5,'Данные'!$B$2:$B$505,A13)=0,NA(),B13/SUMIFS('Данные'!$E$2:$E$505,'Данные'!$J$2:$J$505,$B$5,'Данные'!$B$2:$B$505,A13)-1) -> 0.28640967 | H13: =IF(B13=0,NA(),(B13-SUMIFS('Данные'!$E$2:$E$505,'Данные'!$J$2:$J$505,$B$5,'Данные'!$B$2:$B$505,A13)-SUMIFS('Данные'!$F$2:$F$505,'Данные'!$J$2:$J$505,$B$5,'Данные'!$B$2:$B$505,A13))/B13) -> 0.20670804 | I13: =RANK(C13,$C$12:$C$29,0)+COUNTIFS($C$12:C13,C13)-1 -> 5 | J13: =RANK(F13,$F$12:$F$29,0)+COUNTIFS($F$12:F13,F13)-1 -> 5
A14: Казань | B14: =SUMIFS('Данные'!$D$2:$D$505,'Данные'!$J$2:$J$505,$B$5,'Данные'!$B$2:$B$505,A14) -> 27495690 | C14: =B14/$B$7 -> 0.026046131 | D14: =SUMIFS('Данные'!$G$2:$G$505,'Данные'!$J$2:$J$505,$B$5,'Данные'!$B$2:$B$505,A14) -> 152 | E14: =D14/7 -> 21.714286 | F14: =IF(E14=0,NA(),B14/E14) -> 1266248.9 | G14: =IF(SUMIFS('Данные'!$E$2:$E$505,'Данные'!$J$2:$J$505,$B$5,'Данные'!$B$2:$B$505,A14)=0,NA(),B14/SUMIFS('Данные'!$E$2:$E$505,'Данные'!$J$2:$J$505,$B$5,'Данные'!$B$2:$B$505,A14)-1) -> 0.28865647 | H14: =IF(B14=0,NA(),(B14-SUMIFS('Данные'!$E$2:$E$505,'Данные'!$J$2:$J$505,$B$5,'Данные'!$B$2:$B$505,A14)-SUMIFS('Данные'!$F$2:$F$505,'Данные'!$J$2:$J$505,$B$5,'Данные'!$B$2:$B$505,A14))/B14) -> 0.17984806 | I14: =RANK(C14,$C$12:$C$29,0)+COUNTIFS($C$12:C14,C14)-1 -> 7 | J14: =RANK(F14,$F$12:$F$29,0)+COUNTIFS($F$12:F14,F14)-1 -> 7
A15: Кемерово | B15: =SUMIFS('Данные'!$D$2:$D$505,'Данные'!$J$2:$J$505,$B$5,'Данные'!$B$2:$B$505,A15) -> 22579281 | C15: =B15/$B$7 -> 0.021388913 | D15: =SUMIFS('Данные'!$G$2:$G$505,'Данные'!$J$2:$J$505,$B$5,'Данные'!$B$2:$B$505,A15) -> 141 | E15: =D15/7 -> 20.142857 | F15: =IF(E15=0,NA(),B15/E15) -> 1120957.2 | G15: =IF(SUMIFS('Данные'!$E$2:$E$505,'Данные'!$J$2:$J$505,$B$5,'Данные'!$B$2:$B$505,A15)=0,NA(),B15/SUMIFS('Данные'!$E$2:$E$505,'Данные'!$J$2:$J$505,$B$5,'Данные'!$B$2:$B$505,A15)-1) -> 0.25292273 | H15: =IF(B15=0,NA(),(B15-SUMIFS('Данные'!$E$2:$E$505,'Данные'!$J$2:$J$505,$B$5,'Данные'!$B$2:$B$505,A15)-SUMIFS('Данные'!$F$2:$F$505,'Данные'!$J$2:$J$505,$B$5,'Данные'!$B$2:$B$505,A15))/B15) -> 0.11960519 | I15: =RANK(C15,$C$12:$C$29,0)+COUNTIFS($C$12:C15,C15)-1 -> 8 | J15: =RANK(F15,$F$12:$F$29,0)+COUNTIFS($F$12:F15,F15)-1 -> 8
A16: Краснодар | B16: =SUMIFS('Данные'!$D$2:$D$505,'Данные'!$J$2:$J$505,$B$5,'Данные'!$B$2:$B$505,A16) -> 18595773 | C16: =B16/$B$7 -> 0.017615413 | D16: =SUMIFS('Данные'!$G$2:$G$505,'Данные'!$J$2:$J$505,$B$5,'Данные'!$B$2:$B$505,A16) -> 141 | E16: =D16/7 -> 20.142857 | F16: =IF(E16=0,NA(),B16/E16) -> 923194.4 | G16: =IF(SUMIFS('Данные'!$E$2:$E$505,'Данные'!$J$2:$J$505,$B$5,'Данные'!$B$2:$B$505,A16)=0,NA(),B16/SUMIFS('Данные'!$E$2:$E$505,'Данные'!$J$2:$J$505,$B$5,'Данные'!$B$2:$B$505,A16)-1) -> 0.2529164 | H16: =IF(B16=0,NA(),(B16-SUMIFS('Данные'!$E$2:$E$505,'Данные'!$J$2:$J$505,$B$5,'Данные'!$B$2:$B$505,A16)-SUMIFS('Данные'!$F$2:$F$505,'Данные'!$J$2:$J$505,$B$5,'Данные'!$B$2:$B$505,A16))/B16) -> 0.16545475 | I16: =RANK(C16,$C$12:$C$29,0)+COUNTIFS($C$12:C16,C16)-1 -> 10 | J16: =RANK(F16,$F$12:$F$29,0)+COUNTIFS($F$12:F16,F16)-1 -> 10
A17: Москва Восток | B17: =SUMIFS('Данные'!$D$2:$D$505,'Данные'!$J$2:$J$505,$B$5,'Данные'!$B$2:$B$505,A17) -> 151451013 | C17: =B17/$B$7 -> 0.14346659 | D17: =SUMIFS('Данные'!$G$2:$G$505,'Данные'!$J$2:$J$505,$B$5,'Данные'!$B$2:$B$505,A17) -> 378 | E17: =D17/7 -> 54 | F17: =IF(E17=0,NA(),B17/E17) -> 2804648.4 | G17: =IF(SUMIFS('Данные'!$E$2:$E$505,'Данные'!$J$2:$J$505,$B$5,'Данные'!$B$2:$B$505,A17)=0,NA(),B17/SUMIFS('Данные'!$E$2:$E$505,'Данные'!$J$2:$J$505,$B$5,'Данные'!$B$2:$B$505,A17)-1) -> 0.34371838 | H17: =IF(B17=0,NA(),(B17-SUMIFS('Данные'!$E$2:$E$505,'Данные'!$J$2:$J$505,$B$5,'Данные'!$B$2:$B$505,A17)-SUMIFS('Данные'!$F$2:$F$505,'Данные'!$J$2:$J$505,$B$5,'Данные'!$B$2:$B$505,A17))/B17) -> 0.24251645 | I17: =RANK(C17,$C$12:$C$29,0)+COUNTIFS($C$12:C17,C17)-1 -> 4 | J17: =RANK(F17,$F$12:$F$29,0)+COUNTIFS($F$12:F17,F17)-1 -> 1
A18: Москва Запад | B18: =SUMIFS('Данные'!$D$2:$D$505,'Данные'!$J$2:$J$505,$B$5,'Данные'!$B$2:$B$505,A18) -> 1.5785721e+08 | C18: =B18/$B$7 -> 0.14953506 | D18: =SUMIFS('Данные'!$G$2:$G$505,'Данные'!$J$2:$J$505,$B$5,'Данные'!$B$2:$B$505,A18) -> 414 | E18: =D18/7 -> 59.142857 | F18: =IF(E18=0,NA(),B18/E18) -> 2669083.3 | G18: =IF(SUMIFS('Данные'!$E$2:$E$505,'Данные'!$J$2:$J$505,$B$5,'Данные'!$B$2:$B$505,A18)=0,NA(),B18/SUMIFS('Данные'!$E$2:$E$505,'Данные'!$J$2:$J$505,$B$5,'Данные'!$B$2:$B$505,A18)-1) -> 0.34883377 | H18: =IF(B18=0,NA(),(B18-SUMIFS('Данные'!$E$2:$E$505,'Данные'!$J$2:$J$505,$B$5,'Данные'!$B$2:$B$505,A18)-SUMIFS('Данные'!$F$2:$F$505,'Данные'!$J$2:$J$505,$B$5,'Данные'!$B$2:$B$505,A18))/B18) -> 0.24639818 | I18: =RANK(C18,$C$12:$C$29,0)+COUNTIFS($C$12:C18,C18)-1 -> 3 | J18: =RANK(F18,$F$12:$F$29,0)+COUNTIFS($F$12:F18,F18)-1 -> 2
A19: Нижний Новгород | B19: =SUMIFS('Данные'!$D$2:$D$505,'Данные'!$J$2:$J$505,$B$5,'Данные'!$B$2:$B$505,A19) -> 21605704 | C19: =B19/$B$7 -> 0.020466663 | D19: =SUMIFS('Данные'!$G$2:$G$505,'Данные'!$J$2:$J$505,$B$5,'Данные'!$B$2:$B$505,A19) -> 140 | E19: =D19/7 -> 20 | F19: =IF(E19=0,NA(),B19/E19) -> 1080285.2 | G19: =IF(SUMIFS('Данные'!$E$2:$E$505,'Данные'!$J$2:$J$505,$B$5,'Данные'!$B$2:$B$505,A19)=0,NA(),B19/SUMIFS('Данные'!$E$2:$E$505,'Данные'!$J$2:$J$505,$B$5,'Данные'!$B$2:$B$505,A19)-1) -> 0.25852877 | H19: =IF(B19=0,NA(),(B19-SUMIFS('Данные'!$E$2:$E$505,'Данные'!$J$2:$J$505,$B$5,'Данные'!$B$2:$B$505,A19)-SUMIFS('Данные'!$F$2:$F$505,'Данные'!$J$2:$J$505,$B$5,'Данные'!$B$2:$B$505,A19))/B19) -> 0.15135063 | I19: =RANK(C19,$C$12:$C$29,0)+COUNTIFS($C$12:C19,C19)-1 -> 9 | J19: =RANK(F19,$F$12:$F$29,0)+COUNTIFS($F$12:F19,F19)-1 -> 9
A20: Новосибирск | B20: =SUMIFS('Данные'!$D$2:$D$505,'Данные'!$J$2:$J$505,$B$5,'Данные'!$B$2:$B$505,A20) -> 9909624 | C20: =B20/$B$7 -> 0.0093871937 | D20: =SUMIFS('Данные'!$G$2:$G$505,'Данные'!$J$2:$J$505,$B$5,'Данные'!$B$2:$B$505,A20) -> 126 | E20: =D20/7 -> 18 | F20: =IF(E20=0,NA(),B20/E20) -> 550534.67 | G20: =IF(SUMIFS('Данные'!$E$2:$E$505,'Данные'!$J$2:$J$505,$B$5,'Данные'!$B$2:$B$505,A20)=0,NA(),B20/SUMIFS('Данные'!$E$2:$E$505,'Данные'!$J$2:$J$505,$B$5,'Данные'!$B$2:$B$505,A20)-1) -> 0.22551029 | H20: =IF(B20=0,NA(),(B20-SUMIFS('Данные'!$E$2:$E$505,'Данные'!$J$2:$J$505,$B$5,'Данные'!$B$2:$B$505,A20)-SUMIFS('Данные'!$F$2:$F$505,'Данные'!$J$2:$J$505,$B$5,'Данные'!$B$2:$B$505,A20))/B20) -> 0.11708704 | I20: =RANK(C20,$C$12:$C$29,0)+COUNTIFS($C$12:C20,C20)-1 -> 12 | J20: =RANK(F20,$F$12:$F$29,0)+COUNTIFS($F$12:F20,F20)-1 -> 15
A21: Пермь | B21: =SUMIFS('Данные'!$D$2:$D$505,'Данные'!$J$2:$J$505,$B$5,'Данные'!$B$2:$B$505,A21) -> 11902053 | C21: =B21/$B$7 -> 0.011274583 | D21: =SUMIFS('Данные'!$G$2:$G$505,'Данные'!$J$2:$J$505,$B$5,'Данные'!$B$2:$B$505,A21) -> 119 | E21: =D21/7 -> 17 | F21: =IF(E21=0,NA(),B21/E21) -> 700120.76 | G21: =IF(SUMIFS('Данные'!$E$2:$E$505,'Данные'!$J$2:$J$505,$B$5,'Данные'!$B$2:$B$505,A21)=0,NA(),B21/SUMIFS('Данные'!$E$2:$E$505,'Данные'!$J$2:$J$505,$B$5,'Данные'!$B$2:$B$505,A21)-1) -> 0.23975688 | H21: =IF(B21=0,NA(),(B21-SUMIFS('Данные'!$E$2:$E$505,'Данные'!$J$2:$J$505,$B$5,'Данные'!$B$2:$B$505,A21)-SUMIFS('Данные'!$F$2:$F$505,'Данные'!$J$2:$J$505,$B$5,'Данные'!$B$2:$B$505,A21))/B21) -> 0.065945034 | I21: =RANK(C21,$C$12:$C$29,0)+COUNTIFS($C$12:C21,C21)-1 -> 11 | J21: =RANK(F21,$F$12:$F$29,0)+COUNTIFS($F$12:F21,F21)-1 -> 13
A22: Ростов-на-Дону | B22: =SUMIFS('Данные'!$D$2:$D$505,'Данные'!$J$2:$J$505,$B$5,'Данные'!$B$2:$B$505,A22) -> 9328845 | C22: =B22/$B$7 -> 0.0088370331 | D22: =SUMIFS('Данные'!$G$2:$G$505,'Данные'!$J$2:$J$505,$B$5,'Данные'!$B$2:$B$505,A22) -> 109 | E22: =D22/7 -> 15.571429 | F22: =IF(E22=0,NA(),B22/E22) -> 599100.14 | G22: =IF(SUMIFS('Данные'!$E$2:$E$505,'Данные'!$J$2:$J$505,$B$5,'Данные'!$B$2:$B$505,A22)=0,NA(),B22/SUMIFS('Данные'!$E$2:$E$505,'Данные'!$J$2:$J$505,$B$5,'Данные'!$B$2:$B$505,A22)-1) -> 0.2467271 | H22: =IF(B22=0,NA(),(B22-SUMIFS('Данные'!$E$2:$E$505,'Данные'!$J$2:$J$505,$B$5,'Данные'!$B$2:$B$505,A22)-SUMIFS('Данные'!$F$2:$F$505,'Данные'!$J$2:$J$505,$B$5,'Данные'!$B$2:$B$505,A22))/B22) -> 0.066522382 | I22: =RANK(C22,$C$12:$C$29,0)+COUNTIFS($C$12:C22,C22)-1 -> 13 | J22: =RANK(F22,$F$12:$F$29,0)+COUNTIFS($F$12:F22,F22)-1 -> 14
A23: Самара | B23: =SUMIFS('Данные'!$D$2:$D$505,'Данные'!$J$2:$J$505,$B$5,'Данные'!$B$2:$B$505,A23) -> 2706253.5 | C23: =B23/$B$7 -> 0.0025635812 | D23: =SUMIFS('Данные'!$G$2:$G$505,'Данные'!$J$2:$J$505,$B$5,'Данные'!$B$2:$B$505,A23) -> 60 | E23: =D23/7 -> 8.5714286 | F23: =IF(E23=0,NA(),B23/E23) -> 315729.58 | G23: =IF(SUMIFS('Данные'!$E$2:$E$505,'Данные'!$J$2:$J$505,$B$5,'Данные'!$B$2:$B$505,A23)=0,NA(),B23/SUMIFS('Данные'!$E$2:$E$505,'Данные'!$J$2:$J$505,$B$5,'Данные'!$B$2:$B$505,A23)-1) -> 0.075846444 | H23: =IF(B23=0,NA(),(B23-SUMIFS('Данные'!$E$2:$E$505,'Данные'!$J$2:$J$505,$B$5,'Данные'!$B$2:$B$505,A23)-SUMIFS('Данные'!$F$2:$F$505,'Данные'!$J$2:$J$505,$B$5,'Данные'!$B$2:$B$505,A23))/B23) -> -0.048153625 | I23: =RANK(C23,$C$12:$C$29,0)+COUNTIFS($C$12:C23,C23)-1 -> 16 | J23: =RANK(F23,$F$12:$F$29,0)+COUNTIFS($F$12:F23,F23)-1 -> 18
... A29: Уфа | B29: =SUMIFS('Данные'!$D$2:$D$505,'Данные'!$J$2:$J$505,$B$5,'Данные'!$B$2:$B$505,A29) -> 468835.5 | C29: =B29/$B$7 -> 0.00044411873 | D29: =SUMIFS('Данные'!$G$2:$G$505,'Данные'!$J$2:$J$505,$B$5,'Данные'!$B$2:$B$505,A29) -> 6 | E29: =D29/7 -> 0.85714286 | F29: =IF(E29=0,NA(),B29/E29) -> 546974.75 | G29: =IF(SUMIFS('Данные'!$E$2:$E$505,'Данные'!$J$2:$J$505,$B$5,'Данные'!$B$2:$B$505,A29)=0,NA(),B29/SUMIFS('Данные'!$E$2:$E$505,'Данные'!$J$2:$J$505,$B$5,'Данные'!$B$2:$B$505,A29)-1) -> 0.13622416 | H29: =IF(B29=0,NA(),(B29-SUMIFS('Данные'!$E$2:$E$505,'Данные'!$J$2:$J$505,$B$5,'Данные'!$B$2:$B$505,A29)-SUMIFS('Данные'!$F$2:$F$505,'Данные'!$J$2:$J$505,$B$5,'Данные'!$B$2:$B$505,A29))/B29) -> 0.10145826 | I29: =RANK(C29,$C$12:$C$29,0)+COUNTIFS($C$12:C29,C29)-1 -> 18 | J29: =RANK(F29,$F$12:$F$29,0)+COUNTIFS($F$12:F29,F29)-1 -> 16
A33: Топ 3 по доле | B33: Территория | C33: Доля
A34: 1 | B34: =INDEX($A$12:$A$29,MATCH(A34,$I$12:$I$29,0)) -> Санкт-Петербург Север | C34: =INDEX($C$12:$C$29,MATCH(A34,$I$12:$I$29,0)) -> 0.27675279
A35: 2 | B35: =INDEX($A$12:$A$29,MATCH(A35,$I$12:$I$29,0)) -> Санкт-Петербург Юг | C35: =INDEX($C$12:$C$29,MATCH(A35,$I$12:$I$29,0)) -> 0.20770634
A36: 3 | B36: =INDEX($A$12:$A$29,MATCH(A36,$I$12:$I$29,0)) -> Москва Запад | C36: =INDEX($C$12:$C$29,MATCH(A36,$I$12:$I$29,0)) -> 0.14953506
A40: Топ 3 на склад | B40: Территория | C40: Оборот на склад руб
A41: 1 | B41: =INDEX($A$12:$A$29,MATCH(A41,$J$12:$J$29,0)) -> Москва Восток | C41: =INDEX($F$12:$F$29,MATCH(A41,$J$12:$J$29,0)) -> 2804648.4
A42: 2 | B42: =INDEX($A$12:$A$29,MATCH(A42,$J$12:$J$29,0)) -> Москва Запад | C42: =INDEX($F$12:$F$29,MATCH(A42,$J$12:$J$29,0)) -> 2669083.3
A43: 3 | B43: =INDEX($A$12:$A$29,MATCH(A43,$J$12:$J$29,0)) -> Санкт-Петербург Север | C43: =INDEX($F$12:$F$29,MATCH(A43,$J$12:$J$29,0)) -> 2356089.1

Sheet Недели и территории
A2: Недельные показатели по территориям
A4: Понедельник ISO | B4: Территория | C4: Дней с данными | D4: Оборот руб | E4: Себестоимость руб | F4: Потери руб | G4: Складо дни | H4: Среднее складов | I4: Наценка | J4: Доходность | K4: Оборот на склад руб | L4: Заказы | M4: Клиенто дни
A5: 43948 | B5: Волгоград | C5: =COUNTIFS('Данные'!$J$2:$J$505,A5,'Данные'!$B$2:$B$505,B5) -> 6 | D5: =SUMIFS('Данные'!$D$2:$D$505,'Данные'!$J$2:$J$505,A5,'Данные'!$B$2:$B$505,B5) -> 36934095 | E5: =SUMIFS('Данные'!$E$2:$E$505,'Данные'!$J$2:$J$505,A5,'Данные'!$B$2:$B$505,B5) -> 28468607 | F5: =SUMIFS('Данные'!$F$2:$F$505,'Данные'!$J$2:$J$505,A5,'Данные'!$B$2:$B$505,B5) -> 862168.45 | G5: =SUMIFS('Данные'!$G$2:$G$505,'Данные'!$J$2:$J$505,A5,'Данные'!$B$2:$B$505,B5) -> 216 | H5: =IF(C5=0,"н.д.",G5/C5) -> 36 | I5: =IF(E5=0,"н.д.",(D5-E5)/E5) -> 0.29736222 | J5: =IF(D5=0,"н.д.",(D5-E5-F5)/D5) -> 0.20586181 | K5: =IF(G5=0,"н.д.",D5/H5) -> 1025947.1 | L5: =SUMIFS('Данные'!$H$2:$H$505,'Данные'!$J$2:$J$505,A5,'Данные'!$B$2:$B$505,B5) -> 28653 | M5: =SUMIFS('Данные'!$I$2:$I$505,'Данные'!$J$2:$J$505,A5,'Данные'!$B$2:$B$505,B5) -> 26269
A6: 43948 | B6: Екатеринбург | C6: =COUNTIFS('Данные'!$J$2:$J$505,A6,'Данные'!$B$2:$B$505,B6) -> 6 | D6: =SUMIFS('Данные'!$D$2:$D$505,'Данные'!$J$2:$J$505,A6,'Данные'!$B$2:$B$505,B6) -> 42828758 | E6: =SUMIFS('Данные'!$E$2:$E$505,'Данные'!$J$2:$J$505,A6,'Данные'!$B$2:$B$505,B6) -> 32504259 | F6: =SUMIFS('Данные'!$F$2:$F$505,'Данные'!$J$2:$J$505,A6,'Данные'!$B$2:$B$505,B6) -> 940385.76 | G6: =SUMIFS('Данные'!$G$2:$G$505,'Данные'!$J$2:$J$505,A6,'Данные'!$B$2:$B$505,B6) -> 186 | H6: =IF(C6=0,"н.д.",G6/C6) -> 31 | I6: =IF(E6=0,"н.д.",(D6-E6)/E6) -> 0.31763524 | J6: =IF(D6=0,"н.д.",(D6-E6-F6)/D6) -> 0.21910774 | K6: =IF(G6=0,"н.д.",D6/H6) -> 1381572.8 | L6: =SUMIFS('Данные'!$H$2:$H$505,'Данные'!$J$2:$J$505,A6,'Данные'!$B$2:$B$505,B6) -> 31393 | M6: =SUMIFS('Данные'!$I$2:$I$505,'Данные'!$J$2:$J$505,A6,'Данные'!$B$2:$B$505,B6) -> 28967
A7: 43948 | B7: Казань | C7: =COUNTIFS('Данные'!$J$2:$J$505,A7,'Данные'!$B$2:$B$505,B7) -> 6 | D7: =SUMIFS('Данные'!$D$2:$D$505,'Данные'!$J$2:$J$505,A7,'Данные'!$B$2:$B$505,B7) -> 17828216 | E7: =SUMIFS('Данные'!$E$2:$E$505,'Данные'!$J$2:$J$505,A7,'Данные'!$B$2:$B$505,B7) -> 13895907 | F7: =SUMIFS('Данные'!$F$2:$F$505,'Данные'!$J$2:$J$505,A7,'Данные'!$B$2:$B$505,B7) -> 1099350.6 | G7: =SUMIFS('Данные'!$G$2:$G$505,'Данные'!$J$2:$J$505,A7,'Данные'!$B$2:$B$505,B7) -> 118 | H7: =IF(C7=0,"н.д.",G7/C7) -> 19.666667 | I7: =IF(E7=0,"н.д.",(D7-E7)/E7) -> 0.28298325 | J7: =IF(D7=0,"н.д.",(D7-E7-F7)/D7) -> 0.15890307 | K7: =IF(G7=0,"н.д.",D7/H7) -> 906519.43 | L7: =SUMIFS('Данные'!$H$2:$H$505,'Данные'!$J$2:$J$505,A7,'Данные'!$B$2:$B$505,B7) -> 11075 | M7: =SUMIFS('Данные'!$I$2:$I$505,'Данные'!$J$2:$J$505,A7,'Данные'!$B$2:$B$505,B7) -> 10022
A8: 43948 | B8: Кемерово | C8: =COUNTIFS('Данные'!$J$2:$J$505,A8,'Данные'!$B$2:$B$505,B8) -> 6 | D8: =SUMIFS('Данные'!$D$2:$D$505,'Данные'!$J$2:$J$505,A8,'Данные'!$B$2:$B$505,B8) -> 16029680 | E8: =SUMIFS('Данные'!$E$2:$E$505,'Данные'!$J$2:$J$505,A8,'Данные'!$B$2:$B$505,B8) -> 12779410 | F8: =SUMIFS('Данные'!$F$2:$F$505,'Данные'!$J$2:$J$505,A8,'Данные'!$B$2:$B$505,B8) -> 1156679.5 | G8: =SUMIFS('Данные'!$G$2:$G$505,'Данные'!$J$2:$J$505,A8,'Данные'!$B$2:$B$505,B8) -> 111 | H8: =IF(C8=0,"н.д.",G8/C8) -> 18.5 | I8: =IF(E8=0,"н.д.",(D8-E8)/E8) -> 0.25433642 | J8: =IF(D8=0,"н.д.",(D8-E8-F8)/D8) -> 0.1306071 | K8: =IF(G8=0,"н.д.",D8/H8) -> 866469.16 | L8: =SUMIFS('Данные'!$H$2:$H$505,'Данные'!$J$2:$J$505,A8,'Данные'!$B$2:$B$505,B8) -> 9989 | M8: =SUMIFS('Данные'!$I$2:$I$505,'Данные'!$J$2:$J$505,A8,'Данные'!$B$2:$B$505,B8) -> 9024
A9: 43948 | B9: Краснодар | C9: =COUNTIFS('Данные'!$J$2:$J$505,A9,'Данные'!$B$2:$B$505,B9) -> 6 | D9: =SUMIFS('Данные'!$D$2:$D$505,'Данные'!$J$2:$J$505,A9,'Данные'!$B$2:$B$505,B9) -> 13955985 | E9: =SUMIFS('Данные'!$E$2:$E$505,'Данные'!$J$2:$J$505,A9,'Данные'!$B$2:$B$505,B9) -> 11045697 | F9: =SUMIFS('Данные'!$F$2:$F$505,'Данные'!$J$2:$J$505,A9,'Данные'!$B$2:$B$505,B9) -> 629446.83 | G9: =SUMIFS('Данные'!$G$2:$G$505,'Данные'!$J$2:$J$505,A9,'Данные'!$B$2:$B$505,B9) -> 112 | H9: =IF(C9=0,"н.д.",G9/C9) -> 18.666667 | I9: =IF(E9=0,"н.д.",(D9-E9)/E9) -> 0.26347704 | J9: =IF(D9=0,"н.д.",(D9-E9-F9)/D9) -> 0.16343102 | K9: =IF(G9=0,"н.д.",D9/H9) -> 747642.05 | L9: =SUMIFS('Данные'!$H$2:$H$505,'Данные'!$J$2:$J$505,A9,'Данные'!$B$2:$B$505,B9) -> 9273 | M9: =SUMIFS('Данные'!$I$2:$I$505,'Данные'!$J$2:$J$505,A9,'Данные'!$B$2:$B$505,B9) -> 8387
A10: 43948 | B10: Москва Восток | C10: =COUNTIFS('Данные'!$J$2:$J$505,A10,'Данные'!$B$2:$B$505,B10) -> 6 | D10: =SUMIFS('Данные'!$D$2:$D$505,'Данные'!$J$2:$J$505,A10,'Данные'!$B$2:$B$505,B10) -> 130713645 | E10: =SUMIFS('Данные'!$E$2:$E$505,'Данные'!$J$2:$J$505,A10,'Данные'!$B$2:$B$505,B10) -> 95093709 | F10: =SUMIFS('Данные'!$F$2:$F$505,'Данные'!$J$2:$J$505,A10,'Данные'!$B$2:$B$505,B10) -> 1689967.7 | G10: =SUMIFS('Данные'!$G$2:$G$505,'Данные'!$J$2:$J$505,A10,'Данные'!$B$2:$B$505,B10) -> 324 | H10: =IF(C10=0,"н.д.",G10/C10) -> 54 | I10: =IF(E10=0,"н.д.",(D10-E10)/E10) -> 0.37457721 | J10: =IF(D10=0,"н.д.",(D10-E10-F10)/D10) -> 0.2595748 | K10: =IF(G10=0,"н.д.",D10/H10) -> 2420623.1 | L10: =SUMIFS('Данные'!$H$2:$H$505,'Данные'!$J$2:$J$505,A10,'Данные'!$B$2:$B$505,B10) -> 78520 | M10: =SUMIFS('Данные'!$I$2:$I$505,'Данные'!$J$2:$J$505,A10,'Данные'!$B$2:$B$505,B10) -> 72812
A11: 43948 | B11: Москва Запад | C11: =COUNTIFS('Данные'!$J$2:$J$505,A11,'Данные'!$B$2:$B$505,B11) -> 6 | D11: =SUMIFS('Данные'!$D$2:$D$505,'Данные'!$J$2:$J$505,A11,'Данные'!$B$2:$B$505,B11) -> 136791225 | E11: =SUMIFS('Данные'!$E$2:$E$505,'Данные'!$J$2:$J$505,A11,'Данные'!$B$2:$B$505,B11) -> 99555155 | F11: =SUMIFS('Данные'!$F$2:$F$505,'Данные'!$J$2:$J$505,A11,'Данные'!$B$2:$B$505,B11) -> 1630325.2 | G11: =SUMIFS('Данные'!$G$2:$G$505,'Данные'!$J$2:$J$505,A11,'Данные'!$B$2:$B$505,B11) -> 354 | H11: =IF(C11=0,"н.д.",G11/C11) -> 59 | I11: =IF(E11=0,"н.д.",(D11-E11)/E11) -> 0.37402453 | J11: =IF(D11=0,"н.д.",(D11-E11-F11)/D11) -> 0.26029261 | K11: =IF(G11=0,"н.д.",D11/H11) -> 2318495.3 | L11: =SUMIFS('Данные'!$H$2:$H$505,'Данные'!$J$2:$J$505,A11,'Данные'!$B$2:$B$505,B11) -> 82308 | M11: =SUMIFS('Данные'!$I$2:$I$505,'Данные'!$J$2:$J$505,A11,'Данные'!$B$2:$B$505,B11) -> 76091
A12: 43948 | B12: Нижний Новгород | C12: =COUNTIFS('Данные'!$J$2:$J$505,A12,'Данные'!$B$2:$B$505,B12) -> 6 | D12: =SUMIFS('Данные'!$D$2:$D$505,'Данные'!$J$2:$J$505,A12,'Данные'!$B$2:$B$505,B12) -> 13145966 | E12: =SUMIFS('Данные'!$E$2:$E$505,'Данные'!$J$2:$J$505,A12,'Данные'!$B$2:$B$505,B12) -> 10548761 | F12: =SUMIFS('Данные'!$F$2:$F$505,'Данные'!$J$2:$J$505,A12,'Данные'!$B$2:$B$505,B12) -> 1030247.6 | G12: =SUMIFS('Данные'!$G$2:$G$505,'Данные'!$J$2:$J$505,A12,'Данные'!$B$2:$B$505,B12) -> 111 | H12: =IF(C12=0,"н.д.",G12/C12) -> 18.5 | I12: =IF(E12=0,"н.д.",(D12-E12)/E12) -> 0.24620947 | J12: =IF(D12=0,"н.д.",(D12-E12-F12)/D12) -> 0.11919681 | K12: =IF(G12=0,"н.д.",D12/H12) -> 710592.73 | L12: =SUMIFS('Данные'!$H$2:$H$505,'Данные'!$J$2:$J$505,A12,'Данные'!$B$2:$B$505,B12) -> 8588 | M12: =SUMIFS('Данные'!$I$2:$I$505,'Данные'!$J$2:$J$505,A12,'Данные'!$B$2:$B$505,B12) -> 7529
A13: 43948 | B13: Новосибирск | C13: =COUNTIFS('Данные'!$J$2:$J$505,A13,'Данные'!$B$2:$B$505,B13) -> 6 | D13: =SUMIFS('Данные'!$D$2:$D$505,'Данные'!$J$2:$J$505,A13,'Данные'!$B$2:$B$505,B13) -> 5746024.5 | E13: =SUMIFS('Данные'!$E$2:$E$505,'Данные'!$J$2:$J$505,A13,'Данные'!$B$2:$B$505,B13) -> 4970972.2 | F13: =SUMIFS('Данные'!$F$2:$F$505,'Данные'!$J$2:$J$505,A13,'Данные'!$B$2:$B$505,B13) -> 702743.84 | G13: =SUMIFS('Данные'!$G$2:$G$505,'Данные'!$J$2:$J$505,A13,'Данные'!$B$2:$B$505,B13) -> 90 | H13: =IF(C13=0,"н.д.",G13/C13) -> 15 | I13: =IF(E13=0,"н.д.",(D13-E13)/E13) -> 0.15591564 | J13: =IF(D13=0,"н.д.",(D13-E13-F13)/D13) -> 0.012584085 | K13: =IF(G13=0,"н.д.",D13/H13) -> 383068.3 | L13: =SUMIFS('Данные'!$H$2:$H$505,'Данные'!$J$2:$J$505,A13,'Данные'!$B$2:$B$505,B13) -> 3812 | M13: =SUMIFS('Данные'!$I$2:$I$505,'Данные'!$J$2:$J$505,A13,'Данные'!$B$2:$B$505,B13) -> 3292
A14: 43948 | B14: Пермь | C14: =COUNTIFS('Данные'!$J$2:$J$505,A14,'Данные'!$B$2:$B$505,B14) -> 6 | D14: =SUMIFS('Данные'!$D$2:$D$505,'Данные'!$J$2:$J$505,A14,'Данные'!$B$2:$B$505,B14) -> 6961020 | E14: =SUMIFS('Данные'!$E$2:$E$505,'Данные'!$J$2:$J$505,A14,'Данные'!$B$2:$B$505,B14) -> 5685821 | F14: =SUMIFS('Данные'!$F$2:$F$505,'Данные'!$J$2:$J$505,A14,'Данные'!$B$2:$B$505,B14) -> 1020574.4 | G14: =SUMIFS('Данные'!$G$2:$G$505,'Данные'!$J$2:$J$505,A14,'Данные'!$B$2:$B$505,B14) -> 90 | H14: =IF(C14=0,"н.д.",G14/C14) -> 15 | I14: =IF(E14=0,"н.д.",(D14-E14)/E14) -> 0.22427703 | J14: =IF(D14=0,"н.д.",(D14-E14-F14)/D14) -> 0.036578634 | K14: =IF(G14=0,"н.д.",D14/H14) -> 464068 | L14: =SUMIFS('Данные'!$H$2:$H$505,'Данные'!$J$2:$J$505,A14,'Данные'!$B$2:$B$505,B14) -> 4888 | M14: =SUMIFS('Данные'!$I$2:$I$505,'Данные'!$J$2:$J$505,A14,'Данные'!$B$2:$B$505,B14) -> 4311
A15: 43948 | B15: Ростов-на-Дону | C15: =COUNTIFS('Данные'!$J$2:$J$505,A15,'Данные'!$B$2:$B$505,B15) -> 4 | D15: =SUMIFS('Данные'!$D$2:$D$505,'Данные'!$J$2:$J$505,A15,'Данные'!$B$2:$B$505,B15) -> 2008809 | E15: =SUMIFS('Данные'!$E$2:$E$505,'Данные'!$J$2:$J$505,A15,'Данные'!$B$2:$B$505,B15) -> 1777068.4 | F15: =SUMIFS('Данные'!$F$2:$F$505,'Данные'!$J$2:$J$505,A15,'Данные'!$B$2:$B$505,B15) -> 215405.92 | G15: =SUMIFS('Данные'!$G$2:$G$505,'Данные'!$J$2:$J$505,A15,'Данные'!$B$2:$B$505,B15) -> 60 | H15: =IF(C15=0,"н.д.",G15/C15) -> 15 | I15: =IF(E15=0,"н.д.",(D15-E15)/E15) -> 0.13040612 | J15: =IF(D15=0,"н.д.",(D15-E15-F15)/D15) -> 0.0081315189 | K15: =IF(G15=0,"н.д.",D15/H15) -> 133920.6 | L15: =SUMIFS('Данные'!$H$2:$H$505,'Данные'!$J$2:$J$505,A15,'Данные'!$B$2:$B$505,B15) -> 1285 | M15: =SUMIFS('Данные'!$I$2:$I$505,'Данные'!$J$2:$J$505,A15,'Данные'!$B$2:$B$505,B15) -> 1007
A16: 43948 | B16: Самара | C16: =COUNTIFS('Данные'!$J$2:$J$505,A16,'Данные'!$B$2:$B$505,B16) -> 0 | D16: =SUMIFS('Данные'!$D$2:$D$505,'Данные'!$J$2:$J$505,A16,'Данные'!$B$2:$B$505,B16) -> 0 | E16: =SUMIFS('Данные'!$E$2:$E$505,'Данные'!$J$2:$J$505,A16,'Данные'!$B$2:$B$505,B16) -> 0 | F16: =SUMIFS('Данные'!$F$2:$F$505,'Данные'!$J$2:$J$505,A16,'Данные'!$B$2:$B$505,B16) -> 0 | G16: =SUMIFS('Данные'!$G$2:$G$505,'Данные'!$J$2:$J$505,A16,'Данные'!$B$2:$B$505,B16) -> 0 | H16: =IF(C16=0,"н.д.",G16/C16) -> н.д. | I16: =IF(E16=0,"н.д.",(D16-E16)/E16) -> н.д. | J16: =IF(D16=0,"н.д.",(D16-E16-F16)/D16) -> н.д. | K16: =IF(G16=0,"н.д.",D16/H16) -> н.д. | L16: =SUMIFS('Данные'!$H$2:$H$505,'Данные'!$J$2:$J$505,A16,'Данные'!$B$2:$B$505,B16) -> 0 | M16: =SUMIFS('Данные'!$I$2:$I$505,'Данные'!$J$2:$J$505,A16,'Данные'!$B$2:$B$505,B16) -> 0
... A112: 43983 | B112: Уфа | C112: =COUNTIFS('Данные'!$J$2:$J$505,A112,'Данные'!$B$2:$B$505,B112) -> 1 | D112: =SUMIFS('Данные'!$D$2:$D$505,'Данные'!$J$2:$J$505,A112,'Данные'!$B$2:$B$505,B112) -> 410892 | E112: =SUMIFS('Данные'!$E$2:$E$505,'Данные'!$J$2:$J$505,A112,'Данные'!$B$2:$B$505,B112) -> 346029.05 | F112: =SUMIFS('Данные'!$F$2:$F$505,'Данные'!$J$2:$J$505,A112,'Данные'!$B$2:$B$505,B112) -> 36168.754 | G112: =SUMIFS('Данные'!$G$2:$G$505,'Данные'!$J$2:$J$505,A112,'Данные'!$B$2:$B$505,B112) -> 6 | H112: =IF(C112=0,"н.д.",G112/C112) -> 6 | I112: =IF(E112=0,"н.д.",(D112-E112)/E112) -> 0.18744944 | J112: =IF(D112=0,"н.д.",(D112-E112-F112)/D112) -> 0.069833913 | K112: =IF(G112=0,"н.д.",D112/H112) -> 68482 | L112: =SUMIFS('Данные'!$H$2:$H$505,'Данные'!$J$2:$J$505,A112,'Данные'!$B$2:$B$505,B112) -> 237 | M112: =SUMIFS('Данные'!$I$2:$I$505,'Данные'!$J$2:$J$505,A112,'Данные'!$B$2:$B$505,B112) -> 175
A115: Неполные недели и территории: среднее складов рассчитано по дням наблюдений; рейтинг полной недели на Итогах использует 7 дней.

Sheet Динамика
A2: Динамика по неделям ISO
A4: Неделя ISO | B4: Первый день | C4: Дней в данных | D4: Товарооборот руб | E4: Себестоимость руб | F4: Потери руб | G4: Наценка | H4: Доходность | I4: Полная неделя
A5: =YEAR(B5+3)&"-W"&TEXT(INT((B5-DATE(YEAR(B5+3),1,4)+WEEKDAY(DATE(YEAR(B5+3),1,4),2)-1)/7)+1,"00") -> 2020-W18 | B5: 43948 | C5: =MIN(7,MAX('Данные'!$A$2:$A$505)-B5+1)-MAX(0,MIN('Данные'!$A$2:$A$505)-B5) -> 6 | D5: =SUMIFS('Данные'!$D$2:$D$505,'Данные'!$J$2:$J$505,B5) -> 836803032 | E5: =SUMIFS('Данные'!$E$2:$E$505,'Данные'!$J$2:$J$505,B5) -> 6.1894969e+08 | F5: =SUMIFS('Данные'!$F$2:$F$505,'Данные'!$J$2:$J$505,B5) -> 19226836 | G5: =(D5-E5)/E5 -> 0.35197261 | H5: =(D5-E5-F5)/D5 -> 0.23736351 | I5: =IF(C5=7,"Да","Нет") -> Нет
A6: =YEAR(B6+3)&"-W"&TEXT(INT((B6-DATE(YEAR(B6+3),1,4)+WEEKDAY(DATE(YEAR(B6+3),1,4),2)-1)/7)+1,"00") -> 2020-W19 | B6: 43955 | C6: =MIN(7,MAX('Данные'!$A$2:$A$505)-B6+1)-MAX(0,MIN('Данные'!$A$2:$A$505)-B6) -> 7 | D6: =SUMIFS('Данные'!$D$2:$D$505,'Данные'!$J$2:$J$505,B6) -> 9.8391541e+08 | E6: =SUMIFS('Данные'!$E$2:$E$505,'Данные'!$J$2:$J$505,B6) -> 7.2562044e+08 | F6: =SUMIFS('Данные'!$F$2:$F$505,'Данные'!$J$2:$J$505,B6) -> 30736217 | G6: =(D6-E6)/E6 -> 0.35596429 | H6: =(D6-E6-F6)/D6 -> 0.23127877 | I6: =IF(C6=7,"Да","Нет") -> Да
A7: =YEAR(B7+3)&"-W"&TEXT(INT((B7-DATE(YEAR(B7+3),1,4)+WEEKDAY(DATE(YEAR(B7+3),1,4),2)-1)/7)+1,"00") -> 2020-W20 | B7: 43962 | C7: =MIN(7,MAX('Данные'!$A$2:$A$505)-B7+1)-MAX(0,MIN('Данные'!$A$2:$A$505)-B7) -> 7 | D7: =SUMIFS('Данные'!$D$2:$D$505,'Данные'!$J$2:$J$505,B7) -> 9.4726301e+08 | E7: =SUMIFS('Данные'!$E$2:$E$505,'Данные'!$J$2:$J$505,B7) -> 7.0177652e+08 | F7: =SUMIFS('Данные'!$F$2:$F$505,'Данные'!$J$2:$J$505,B7) -> 25837597 | G7: =(D7-E7)/E7 -> 0.3498072 | H7: =(D7-E7-F7)/D7 -> 0.2318774 | I7: =IF(C7=7,"Да","Нет") -> Да
A8: =YEAR(B8+3)&"-W"&TEXT(INT((B8-DATE(YEAR(B8+3),1,4)+WEEKDAY(DATE(YEAR(B8+3),1,4),2)-1)/7)+1,"00") -> 2020-W21 | B8: 43969 | C8: =MIN(7,MAX('Данные'!$A$2:$A$505)-B8+1)-MAX(0,MIN('Данные'!$A$2:$A$505)-B8) -> 7 | D8: =SUMIFS('Данные'!$D$2:$D$505,'Данные'!$J$2:$J$505,B8) -> 1.0026919e+09 | E8: =SUMIFS('Данные'!$E$2:$E$505,'Данные'!$J$2:$J$505,B8) -> 7.5925273e+08 | F8: =SUMIFS('Данные'!$F$2:$F$505,'Данные'!$J$2:$J$505,B8) -> 27390912 | G8: =(D8-E8)/E8 -> 0.32062994 | H8: =(D8-E8-F8)/D8 -> 0.21546823 | I8: =IF(C8=7,"Да","Нет") -> Да
A9: =YEAR(B9+3)&"-W"&TEXT(INT((B9-DATE(YEAR(B9+3),1,4)+WEEKDAY(DATE(YEAR(B9+3),1,4),2)-1)/7)+1,"00") -> 2020-W22 | B9: 43976 | C9: =MIN(7,MAX('Данные'!$A$2:$A$505)-B9+1)-MAX(0,MIN('Данные'!$A$2:$A$505)-B9) -> 7 | D9: =SUMIFS('Данные'!$D$2:$D$505,'Данные'!$J$2:$J$505,B9) -> 1.0556535e+09 | E9: =SUMIFS('Данные'!$E$2:$E$505,'Данные'!$J$2:$J$505,B9) -> 7.9686085e+08 | F9: =SUMIFS('Данные'!$F$2:$F$505,'Данные'!$J$2:$J$505,B9) -> 23475787 | G9: =(D9-E9)/E9 -> 0.32476518 | H9: =(D9-E9-F9)/D9 -> 0.22291109 | I9: =IF(C9=7,"Да","Нет") -> Да
A10: =YEAR(B10+3)&"-W"&TEXT(INT((B10-DATE(YEAR(B10+3),1,4)+WEEKDAY(DATE(YEAR(B10+3),1,4),2)-1)/7)+1,"00") -> 2020-W23 | B10: 43983 | C10: =MIN(7,MAX('Данные'!$A$2:$A$505)-B10+1)-MAX(0,MIN('Данные'!$A$2:$A$505)-B10) -> 1 | D10: =SUMIFS('Данные'!$D$2:$D$505,'Данные'!$J$2:$J$505,B10) -> 1.3603238e+08 | E10: =SUMIFS('Данные'!$E$2:$E$505,'Данные'!$J$2:$J$505,B10) -> 1.0221913e+08 | F10: =SUMIFS('Данные'!$F$2:$F$505,'Данные'!$J$2:$J$505,B10) -> 5306806.5 | G10: =(D10-E10)/E10 -> 0.33079173 | H10: =(D10-E10-F10)/D10 -> 0.20955627 | I10: =IF(C10=7,"Да","Нет") -> Нет
A47: W18 и W23 неполные. Изменение их сумм нельзя трактовать как изменение недельного спроса.

Sheet Месячные показатели
A2: Месячные показатели исходных графиков
A4: Месяц | B4: товарооборот с 1 склада, тыс.руб. | C4: количество заказов на 1 склад | D4: средний заказ, руб | E4: количество клиентов на 1 склад | F4: среднее количество штук в заказе | G4: средняя стоимость товара, руб | H4: товарный запас на 1 склад, тыс.руб. | I4: Потери, %
A5: 201905 | B5: 31654.74 | C5: 32409.68 | D5: 976.70633 | E5: 3877.734 | F5: 9.5658894 | G5: 102.10303 | H5: 12.047558 | I5: 0.004208983
A6: 201906 | B6: 26338.604 | C6: 30957.235 | D6: 850.80609 | E6: 3919.9724 | F6: 8.5544722 | G6: 99.457461 | H6: 13.359861 | I6: 0.0073671615
A7: 201907 | B7: 22541.921 | C7: 27638.663 | D7: 815.59376 | E7: 3429.4074 | F7: 8.2231155 | G7: 99.18306 | H7: 10.891031 | I7: 0.0066372609
A8: 201908 | B8: 21800.35 | C8: 27491.481 | D8: 792.98566 | E8: 3297.8231 | F8: 7.6315418 | G8: 103.90897 | H8: 13.205087 | I8: 0.0061145897
A9: 201909 | B9: 22926.055 | C9: 28918.904 | D9: 792.77055 | E9: 3422.5753 | F9: 7.4162339 | G9: 106.89665 | H9: 14.390509 | I9: 0.0044366835
A10: 201910 | B10: 29750.572 | C10: 37054.388 | D10: 802.88929 | E10: 4179.7676 | F10: 7.6940637 | G10: 104.35179 | H10: 15.738183 | I10: 0.003774762
A11: 201911 | B11: 34719.119 | C11: 39970.574 | D11: 868.61698 | E11: 4542.8627 | F11: 8.2280382 | G11: 105.56793 | H11: 17.321525 | I11: 0.0030505607
A12: 201912 | B12: 36580.136 | C12: 39482.525 | D12: 926.48928 | E12: 4430.9303 | F12: 8.2735627 | G12: 111.9819 | H12: 19.863038 | I12: 0.0036120545
A13: 202001 | B13: 37696.33 | C13: 41187.651 | D13: 915.23379 | E13: 4673.845 | F13: 8.1853652 | G13: 111.81343 | H13: 18.574099 | I13: 0.003892887
A14: 202002 | B14: 42015.118 | C14: 42327.747 | D14: 992.61408 | E14: 5071.1277 | F14: 8.6385912 | G14: 114.90463 | H14: 20.835782 | I14: 0.0035574545
A15: 202003 | B15: 41127.121 | C15: 42852.653 | D15: 959.73336 | E15: 5072.3061 | F15: 8.2656066 | G15: 116.11167 | H15: 21.559993 | I15: 0.0036282051
A16: 202004 | B16: 37319.171 | C16: 40562.921 | D16: 920.03165 | E16: 4951.1263 | F16: 8.033284 | G16: 114.52747 | H16: 21.355229 | I16: 0.0042089935
A17: 202005 | B17: 37411.379 | C17: 42285.048 | D17: 884.74251 | E17: 5147.8952 | F17: 7.8481362 | G17: 112.73282 | H17: 21.955541 | I17: 0.0057795059
A20: Источник: кэш 8 диаграмм листа Задание. Это отдельный месячный ряд май 2019 — май 2020.
A22: У запаса конфликт единиц: заголовок говорит тыс.руб., ряд — млн руб. Использовать относительные изменения.
A25: Показатель | B25: Апрель 2020 | C25: Май 2020 | D25: Изменение
A26: Средняя выручка на 1 склад, тыс.руб | B26: =B16 -> 37319.171 | C26: =B17 -> 37411.379 | D26: =C26/B26-1 -> 0.0024707963
A27: Среднее количество заказов на 1 склад | B27: =C16 -> 40562.921 | C27: =C17 -> 42285.048 | D27: =C27/B27-1 -> 0.042455684
A28: Средний заказ, руб | B28: =D16 -> 920.03165 | C28: =D17 -> 884.74251 | D28: =C28/B28-1 -> -0.038356439
A29: Среднее количество клиентов на 1 склад | B29: =E16 -> 4951.1263 | C29: =E17 -> 5147.8952 | D29: =C29/B29-1 -> 0.039742255
A30: Среднее количество штук в заказе | B30: =F16 -> 8.033284 | C30: =F17 -> 7.8481362 | D30: =C30/B30-1 -> -0.023047586
A31: Средняя стоимость SKU | B31: =G16 -> 114.52747 | C31: =G17 -> 112.73282 | D31: =C31/B31-1 -> -0.015670009
A32: Средний ТЗ на складе, млн руб | B32: =H16 -> 21.355229 | C32: =H17 -> 21.955541 | D32: =C32/B32-1 -> 0.02811078
A33: Потери, % | B33: =I16 -> 0.0042089935 | C33: =I17 -> 0.0057795059 | D33: =(C33-B33)*100 -> 0.15705124

Sheet Данные
A1: Дата | B1: Территория | C1: Товарооборот шт | D1: Товарооборот руб | E1: Себестоимость руб | F1: Потери руб | G1: Склады за день | H1: Заказы за день | I1: Клиенты за день | J1: Понедельник ISO | K1: Год ISO | L1: Неделя ISO | M1: Ключ | N1: Совпадений ключа
A2: ='Лист1'!A2 -> 43949 | B2: ='Лист1'!B2 -> Волгоград | C2: ='Лист1'!C2 -> 73147.5 | D2: ='Лист1'!D2 -> 6288246 | E2: ='Лист1'!E2 -> 4798265.1 | F2: ='Лист1'!F2 -> 123081.64 | G2: =IF(N2=1,SUMIFS('Лист2'!$C$2:$C$505,'Лист2'!$A$2:$A$505,A2,'Лист2'!$B$2:$B$505,B2),NA()) -> 36 | H2: =IF(N2=1,SUMIFS('Лист2'!$D$2:$D$505,'Лист2'!$A$2:$A$505,A2,'Лист2'!$B$2:$B$505,B2),NA()) -> 4923 | I2: =IF(N2=1,SUMIFS('Лист2'!$E$2:$E$505,'Лист2'!$A$2:$A$505,A2,'Лист2'!$B$2:$B$505,B2),NA()) -> 4560 | J2: =A2-WEEKDAY(A2,2)+1 -> 43948 | K2: =YEAR(J2+3) -> 2020 | L2: =INT((J2-DATE(K2,1,4)+WEEKDAY(DATE(K2,1,4),2)-1)/7)+1 -> 18 | M2: =A2&"|"&B2 -> 43949|Волгоград | N2: =COUNTIFS('Лист2'!$F$2:$F$505,M2) -> 1
A3: ='Лист1'!A3 -> 43949 | B3: ='Лист1'!B3 -> Екатеринбург | C3: ='Лист1'!C3 -> 81826.5 | D3: ='Лист1'!D3 -> 7163644.5 | E3: ='Лист1'!E3 -> 5366333.7 | F3: ='Лист1'!F3 -> 145122.78 | G3: =IF(N3=1,SUMIFS('Лист2'!$C$2:$C$505,'Лист2'!$A$2:$A$505,A3,'Лист2'!$B$2:$B$505,B3),NA()) -> 31 | H3: =IF(N3=1,SUMIFS('Лист2'!$D$2:$D$505,'Лист2'!$A$2:$A$505,A3,'Лист2'!$B$2:$B$505,B3),NA()) -> 5465 | I3: =IF(N3=1,SUMIFS('Лист2'!$E$2:$E$505,'Лист2'!$A$2:$A$505,A3,'Лист2'!$B$2:$B$505,B3),NA()) -> 5096 | J3: =A3-WEEKDAY(A3,2)+1 -> 43948 | K3: =YEAR(J3+3) -> 2020 | L3: =INT((J3-DATE(K3,1,4)+WEEKDAY(DATE(K3,1,4),2)-1)/7)+1 -> 18 | M3: =A3&"|"&B3 -> 43949|Екатеринбург | N3: =COUNTIFS('Лист2'!$F$2:$F$505,M3) -> 1
A4: ='Лист1'!A4 -> 43949 | B4: ='Лист1'!B4 -> Казань | C4: ='Лист1'!C4 -> 32181 | D4: ='Лист1'!D4 -> 2863600.5 | E4: ='Лист1'!E4 -> 2246478.6 | F4: ='Лист1'!F4 -> 140503.93 | G4: =IF(N4=1,SUMIFS('Лист2'!$C$2:$C$505,'Лист2'!$A$2:$A$505,A4,'Лист2'!$B$2:$B$505,B4),NA()) -> 19 | H4: =IF(N4=1,SUMIFS('Лист2'!$D$2:$D$505,'Лист2'!$A$2:$A$505,A4,'Лист2'!$B$2:$B$505,B4),NA()) -> 1846 | I4: =IF(N4=1,SUMIFS('Лист2'!$E$2:$E$505,'Лист2'!$A$2:$A$505,A4,'Лист2'!$B$2:$B$505,B4),NA()) -> 1681 | J4: =A4-WEEKDAY(A4,2)+1 -> 43948 | K4: =YEAR(J4+3) -> 2020 | L4: =INT((J4-DATE(K4,1,4)+WEEKDAY(DATE(K4,1,4),2)-1)/7)+1 -> 18 | M4: =A4&"|"&B4 -> 43949|Казань | N4: =COUNTIFS('Лист2'!$F$2:$F$505,M4) -> 1
A5: ='Лист1'!A5 -> 43949 | B5: ='Лист1'!B5 -> Кемерово | C5: ='Лист1'!C5 -> 26940 | D5: ='Лист1'!D5 -> 2411587.5 | E5: ='Лист1'!E5 -> 1931011.5 | F5: ='Лист1'!F5 -> 149032.79 | G5: =IF(N5=1,SUMIFS('Лист2'!$C$2:$C$505,'Лист2'!$A$2:$A$505,A5,'Лист2'!$B$2:$B$505,B5),NA()) -> 18 | H5: =IF(N5=1,SUMIFS('Лист2'!$D$2:$D$505,'Лист2'!$A$2:$A$505,A5,'Лист2'!$B$2:$B$505,B5),NA()) -> 1539 | I5: =IF(N5=1,SUMIFS('Лист2'!$E$2:$E$505,'Лист2'!$A$2:$A$505,A5,'Лист2'!$B$2:$B$505,B5),NA()) -> 1404 | J5: =A5-WEEKDAY(A5,2)+1 -> 43948 | K5: =YEAR(J5+3) -> 2020 | L5: =INT((J5-DATE(K5,1,4)+WEEKDAY(DATE(K5,1,4),2)-1)/7)+1 -> 18 | M5: =A5&"|"&B5 -> 43949|Кемерово | N5: =COUNTIFS('Лист2'!$F$2:$F$505,M5) -> 1
A6: ='Лист1'!A6 -> 43949 | B6: ='Лист1'!B6 -> Краснодар | C6: ='Лист1'!C6 -> 25149 | D6: ='Лист1'!D6 -> 2277072 | E6: ='Лист1'!E6 -> 1804070.1 | F6: ='Лист1'!F6 -> 125553.02 | G6: =IF(N6=1,SUMIFS('Лист2'!$C$2:$C$505,'Лист2'!$A$2:$A$505,A6,'Лист2'!$B$2:$B$505,B6),NA()) -> 18 | H6: =IF(N6=1,SUMIFS('Лист2'!$D$2:$D$505,'Лист2'!$A$2:$A$505,A6,'Лист2'!$B$2:$B$505,B6),NA()) -> 1505 | I6: =IF(N6=1,SUMIFS('Лист2'!$E$2:$E$505,'Лист2'!$A$2:$A$505,A6,'Лист2'!$B$2:$B$505,B6),NA()) -> 1368 | J6: =A6-WEEKDAY(A6,2)+1 -> 43948 | K6: =YEAR(J6+3) -> 2020 | L6: =INT((J6-DATE(K6,1,4)+WEEKDAY(DATE(K6,1,4),2)-1)/7)+1 -> 18 | M6: =A6&"|"&B6 -> 43949|Краснодар | N6: =COUNTIFS('Лист2'!$F$2:$F$505,M6) -> 1
A7: ='Лист1'!A7 -> 43949 | B7: ='Лист1'!B7 -> Москва Восток | C7: ='Лист1'!C7 -> 195705 | D7: ='Лист1'!D7 -> 20003264 | E7: ='Лист1'!E7 -> 14633543 | F7: ='Лист1'!F7 -> 268185.43 | G7: =IF(N7=1,SUMIFS('Лист2'!$C$2:$C$505,'Лист2'!$A$2:$A$505,A7,'Лист2'!$B$2:$B$505,B7),NA()) -> 54 | H7: =IF(N7=1,SUMIFS('Лист2'!$D$2:$D$505,'Лист2'!$A$2:$A$505,A7,'Лист2'!$B$2:$B$505,B7),NA()) -> 12306 | I7: =IF(N7=1,SUMIFS('Лист2'!$E$2:$E$505,'Лист2'!$A$2:$A$505,A7,'Лист2'!$B$2:$B$505,B7),NA()) -> 11532 | J7: =A7-WEEKDAY(A7,2)+1 -> 43948 | K7: =YEAR(J7+3) -> 2020 | L7: =INT((J7-DATE(K7,1,4)+WEEKDAY(DATE(K7,1,4),2)-1)/7)+1 -> 18 | M7: =A7&"|"&B7 -> 43949|Москва Восток | N7: =COUNTIFS('Лист2'!$F$2:$F$505,M7) -> 1
A8: ='Лист1'!A8 -> 43949 | B8: ='Лист1'!B8 -> Москва Запад | C8: ='Лист1'!C8 -> 204637.5 | D8: ='Лист1'!D8 -> 21114898 | E8: ='Лист1'!E8 -> 15426373 | F8: ='Лист1'!F8 -> 255889.24 | G8: =IF(N8=1,SUMIFS('Лист2'!$C$2:$C$505,'Лист2'!$A$2:$A$505,A8,'Лист2'!$B$2:$B$505,B8),NA()) -> 59 | H8: =IF(N8=1,SUMIFS('Лист2'!$D$2:$D$505,'Лист2'!$A$2:$A$505,A8,'Лист2'!$B$2:$B$505,B8),NA()) -> 12943 | I8: =IF(N8=1,SUMIFS('Лист2'!$E$2:$E$505,'Лист2'!$A$2:$A$505,A8,'Лист2'!$B$2:$B$505,B8),NA()) -> 12072 | J8: =A8-WEEKDAY(A8,2)+1 -> 43948 | K8: =YEAR(J8+3) -> 2020 | L8: =INT((J8-DATE(K8,1,4)+WEEKDAY(DATE(K8,1,4),2)-1)/7)+1 -> 18 | M8: =A8&"|"&B8 -> 43949|Москва Запад | N8: =COUNTIFS('Лист2'!$F$2:$F$505,M8) -> 1
A9: ='Лист1'!A9 -> 43949 | B9: ='Лист1'!B9 -> Нижний Новгород | C9: ='Лист1'!C9 -> 23314.5 | D9: ='Лист1'!D9 -> 2136817.5 | E9: ='Лист1'!E9 -> 1701780.5 | F9: ='Лист1'!F9 -> 141999.4 | G9: =IF(N9=1,SUMIFS('Лист2'!$C$2:$C$505,'Лист2'!$A$2:$A$505,A9,'Лист2'!$B$2:$B$505,B9),NA()) -> 17 | H9: =IF(N9=1,SUMIFS('Лист2'!$D$2:$D$505,'Лист2'!$A$2:$A$505,A9,'Лист2'!$B$2:$B$505,B9),NA()) -> 1439 | I9: =IF(N9=1,SUMIFS('Лист2'!$E$2:$E$505,'Лист2'!$A$2:$A$505,A9,'Лист2'!$B$2:$B$505,B9),NA()) -> 1265 | J9: =A9-WEEKDAY(A9,2)+1 -> 43948 | K9: =YEAR(J9+3) -> 2020 | L9: =INT((J9-DATE(K9,1,4)+WEEKDAY(DATE(K9,1,4),2)-1)/7)+1 -> 18 | M9: =A9&"|"&B9 -> 43949|Нижний Новгород | N9: =COUNTIFS('Лист2'!$F$2:$F$505,M9) -> 1
A10: ='Лист1'!A10 -> 43949 | B10: ='Лист1'!B10 -> Новосибирск | C10: ='Лист1'!C10 -> 12541.5 | D10: ='Лист1'!D10 -> 992541 | E10: ='Лист1'!E10 -> 874678.7 | F10: ='Лист1'!F10 -> 83886.677 | G10: =IF(N10=1,SUMIFS('Лист2'!$C$2:$C$505,'Лист2'!$A$2:$A$505,A10,'Лист2'!$B$2:$B$505,B10),NA()) -> 15 | H10: =IF(N10=1,SUMIFS('Лист2'!$D$2:$D$505,'Лист2'!$A$2:$A$505,A10,'Лист2'!$B$2:$B$505,B10),NA()) -> 636 | I10: =IF(N10=1,SUMIFS('Лист2'!$E$2:$E$505,'Лист2'!$A$2:$A$505,A10,'Лист2'!$B$2:$B$505,B10),NA()) -> 547 | J10: =A10-WEEKDAY(A10,2)+1 -> 43948 | K10: =YEAR(J10+3) -> 2020 | L10: =INT((J10-DATE(K10,1,4)+WEEKDAY(DATE(K10,1,4),2)-1)/7)+1 -> 18 | M10: =A10&"|"&B10 -> 43949|Новосибирск | N10: =COUNTIFS('Лист2'!$F$2:$F$505,M10) -> 1
A11: ='Лист1'!A11 -> 43949 | B11: ='Лист1'!B11 -> Пермь | C11: ='Лист1'!C11 -> 13303.5 | D11: ='Лист1'!D11 -> 1102887 | E11: ='Лист1'!E11 -> 914116.79 | F11: ='Лист1'!F11 -> 173095.92 | G11: =IF(N11=1,SUMIFS('Лист2'!$C$2:$C$505,'Лист2'!$A$2:$A$505,A11,'Лист2'!$B$2:$B$505,B11),NA()) -> 15 | H11: =IF(N11=1,SUMIFS('Лист2'!$D$2:$D$505,'Лист2'!$A$2:$A$505,A11,'Лист2'!$B$2:$B$505,B11),NA()) -> 780 | I11: =IF(N11=1,SUMIFS('Лист2'!$E$2:$E$505,'Лист2'!$A$2:$A$505,A11,'Лист2'!$B$2:$B$505,B11),NA()) -> 690 | J11: =A11-WEEKDAY(A11,2)+1 -> 43948 | K11: =YEAR(J11+3) -> 2020 | L11: =INT((J11-DATE(K11,1,4)+WEEKDAY(DATE(K11,1,4),2)-1)/7)+1 -> 18 | M11: =A11&"|"&B11 -> 43949|Пермь | N11: =COUNTIFS('Лист2'!$F$2:$F$505,M11) -> 1
A12: ='Лист1'!A12 -> 43949 | B12: ='Лист1'!B12 -> Санкт-Петербург Север | C12: ='Лист1'!C12 -> 376060.5 | D12: ='Лист1'!D12 -> 39918028 | E12: ='Лист1'!E12 -> 29154015 | F12: ='Лист1'!F12 -> 611904.23 | G12: =IF(N12=1,SUMIFS('Лист2'!$C$2:$C$505,'Лист2'!$A$2:$A$505,A12,'Лист2'!$B$2:$B$505,B12),NA()) -> 125 | H12: =IF(N12=1,SUMIFS('Лист2'!$D$2:$D$505,'Лист2'!$A$2:$A$505,A12,'Лист2'!$B$2:$B$505,B12),NA()) -> 20914 | I12: =IF(N12=1,SUMIFS('Лист2'!$E$2:$E$505,'Лист2'!$A$2:$A$505,A12,'Лист2'!$B$2:$B$505,B12),NA()) -> 19479 | J12: =A12-WEEKDAY(A12,2)+1 -> 43948 | K12: =YEAR(J12+3) -> 2020 | L12: =INT((J12-DATE(K12,1,4)+WEEKDAY(DATE(K12,1,4),2)-1)/7)+1 -> 18 | M12: =A12&"|"&B12 -> 43949|Санкт-Петербург Север | N12: =COUNTIFS('Лист2'!$F$2:$F$505,M12) -> 1
A13: ='Лист1'!A13 -> 43949 | B13: ='Лист1'!B13 -> Санкт-Петербург Юг | C13: ='Лист1'!C13 -> 286002 | D13: ='Лист1'!D13 -> 29159032 | E13: ='Лист1'!E13 -> 21437602 | F13: ='Лист1'!F13 -> 637711.59 | G13: =IF(N13=1,SUMIFS('Лист2'!$C$2:$C$505,'Лист2'!$A$2:$A$505,A13,'Лист2'!$B$2:$B$505,B13),NA()) -> 128 | H13: =IF(N13=1,SUMIFS('Лист2'!$D$2:$D$505,'Лист2'!$A$2:$A$505,A13,'Лист2'!$B$2:$B$505,B13),NA()) -> 16450 | I13: =IF(N13=1,SUMIFS('Лист2'!$E$2:$E$505,'Лист2'!$A$2:$A$505,A13,'Лист2'!$B$2:$B$505,B13),NA()) -> 15320 | J13: =A13-WEEKDAY(A13,2)+1 -> 43948 | K13: =YEAR(J13+3) -> 2020 | L13: =INT((J13-DATE(K13,1,4)+WEEKDAY(DATE(K13,1,4),2)-1)/7)+1 -> 18 | M13: =A13&"|"&B13 -> 43949|Санкт-Петербург Юг | N13: =COUNTIFS('Лист2'!$F$2:$F$505,M13) -> 1
... A505: ='Лист1'!A505 -> 43983 | B505: ='Лист1'!B505 -> Уфа | C505: ='Лист1'!C505 -> 4408.5 | D505: ='Лист1'!D505 -> 410892 | E505: ='Лист1'!E505 -> 346029.05 | F505: ='Лист1'!F505 -> 36168.754 | G505: =IF(N505=1,SUMIFS('Лист2'!$C$2:$C$505,'Лист2'!$A$2:$A$505,A505,'Лист2'!$B$2:$B$505,B505),NA()) -> 6 | H505: =IF(N505=1,SUMIFS('Лист2'!$D$2:$D$505,'Лист2'!$A$2:$A$505,A505,'Лист2'!$B$2:$B$505,B505),NA()) -> 237 | I505: =IF(N505=1,SUMIFS('Лист2'!$E$2:$E$505,'Лист2'!$A$2:$A$505,A505,'Лист2'!$B$2:$B$505,B505),NA()) -> 175 | J505: =A505-WEEKDAY(A505,2)+1 -> 43983 | K505: =YEAR(J505+3) -> 2020 | L505: =INT((J505-DATE(K505,1,4)+WEEKDAY(DATE(K505,1,4),2)-1)/7)+1 -> 23 | M505: =A505&"|"&B505 -> 43983|Уфа | N505: =COUNTIFS('Лист2'!$F$2:$F$505,M505) -> 1

Sheet Лист1
A1: Дата | B1: Территория | C1: Товарооборот, шт | D1: Товарооборот, руб | E1: Товарооборот в себестоимости | F1: Потери, руб
A2: 43949 | B2: Волгоград | C2: 73147.5 | D2: 6288246 | E2: 4798265.1 | F2: 123081.64 | H2: Источник: Тестирование_корпоративная_аналитика.xlsx, Лист1. Порядок отсортирован по дате и территории.
A3: 43949 | B3: Екатеринбург | C3: 81826.5 | D3: 7163644.5 | E3: 5366333.7 | F3: 145122.78
A4: 43949 | B4: Казань | C4: 32181 | D4: 2863600.5 | E4: 2246478.6 | F4: 140503.93
A5: 43949 | B5: Кемерово | C5: 26940 | D5: 2411587.5 | E5: 1931011.5 | F5: 149032.79
A6: 43949 | B6: Краснодар | C6: 25149 | D6: 2277072 | E6: 1804070.1 | F6: 125553.02
A7: 43949 | B7: Москва Восток | C7: 195705 | D7: 20003264 | E7: 14633543 | F7: 268185.43
A8: 43949 | B8: Москва Запад | C8: 204637.5 | D8: 21114898 | E8: 15426373 | F8: 255889.24
A9: 43949 | B9: Нижний Новгород | C9: 23314.5 | D9: 2136817.5 | E9: 1701780.5 | F9: 141999.4
A10: 43949 | B10: Новосибирск | C10: 12541.5 | D10: 992541 | E10: 874678.7 | F10: 83886.677
A11: 43949 | B11: Пермь | C11: 13303.5 | D11: 1102887 | E11: 914116.79 | F11: 173095.92
A12: 43949 | B12: Санкт-Петербург Север | C12: 376060.5 | D12: 39918028 | E12: 29154015 | F12: 611904.23
A13: 43949 | B13: Санкт-Петербург Юг | C13: 286002 | D13: 29159032 | E13: 21437602 | F13: 637711.59
A14: 43949 | B14: Тольятти | C14: 12331.5 | D14: 869983.5 | E14: 896773.32 | F14: 51681.038
... A505: 43983 | B505: Уфа | C505: 4408.5 | D505: 410892 | E505: 346029.05 | F505: 36168.754

Sheet Лист2
A1: Дата | B1: Территория | C1: Количество складов | D1: Количество заказов | E1: Количество клиентов | F1: Ключ
A2: 43949 | B2: Волгоград | C2: 36 | D2: 4923 | E2: 4560 | F2: =A2&"|"&B2 -> 43949|Волгоград | H2: Источник: Тестирование_корпоративная_аналитика.xlsx, Лист2. Исходный порядок сохранён.
A3: 43949 | B3: Екатеринбург | C3: 31 | D3: 5465 | E3: 5096 | F3: =A3&"|"&B3 -> 43949|Екатеринбург
A4: 43949 | B4: Казань | C4: 19 | D4: 1846 | E4: 1681 | F4: =A4&"|"&B4 -> 43949|Казань
A5: 43949 | B5: Кемерово | C5: 18 | D5: 1539 | E5: 1404 | F5: =A5&"|"&B5 -> 43949|Кемерово
A6: 43949 | B6: Краснодар | C6: 18 | D6: 1505 | E6: 1368 | F6: =A6&"|"&B6 -> 43949|Краснодар
A7: 43949 | B7: Москва Восток | C7: 54 | D7: 12306 | E7: 11532 | F7: =A7&"|"&B7 -> 43949|Москва Восток
A8: 43949 | B8: Москва Запад | C8: 59 | D8: 12943 | E8: 12072 | F8: =A8&"|"&B8 -> 43949|Москва Запад
A9: 43949 | B9: Нижний Новгород | C9: 17 | D9: 1439 | E9: 1265 | F9: =A9&"|"&B9 -> 43949|Нижний Новгород
A10: 43949 | B10: Новосибирск | C10: 15 | D10: 636 | E10: 547 | F10: =A10&"|"&B10 -> 43949|Новосибирск
A11: 43949 | B11: Пермь | C11: 15 | D11: 780 | E11: 690 | F11: =A11&"|"&B11 -> 43949|Пермь
A12: 43949 | B12: Санкт-Петербург Север | C12: 125 | D12: 20914 | E12: 19479 | F12: =A12&"|"&B12 -> 43949|Санкт-Петербург Север
A13: 43949 | B13: Санкт-Петербург Юг | C13: 128 | D13: 16450 | E13: 15320 | F13: =A13&"|"&B13 -> 43949|Санкт-Петербург Юг
A14: 43949 | B14: Тольятти | C14: 10 | D14: 580 | E14: 506 | F14: =A14&"|"&B14 -> 43949|Тольятти
... A505: 43983 | B505: Уфа | C505: 6 | D505: 237 | E505: 175 | F505: =A505&"|"&B505 -> 43983|Уфа

Sheet Проверки
A2: Проверки объединения и расчётов
A4: Проверка | B4: Факт | C4: Ожидание | D4: Разница
A5: Строк в данных | B5: =COUNTA('Данные'!A2:A505) -> 504 | C5: 504 | D5: =B5-C5 -> 0
A6: Ключи без единственного совпадения | B6: =504-COUNTIFS('Данные'!N2:N505,1) -> 0 | C6: 0 | D6: =B6-C6 -> 0
A7: Оборот исходный | B7: =SUM('Лист1'!D2:D505) -> 4.9623592e+09 | C7: 4.9623592e+09 | D7: =B7-C7 -> 0
A8: Оборот объединённый | B8: =SUM('Данные'!D2:D505) -> 4.9623592e+09 | C8: 4.9623592e+09 | D8: =B8-C8 -> 0
A9: Склады дни после объединения | B9: =SUM('Данные'!G2:G505) -> 20111 | C9: 20111 | D9: =B9-C9 -> 0
A10: Заказы после объединения | B10: =SUM('Данные'!H2:H505) -> 2988770 | C10: 2988770 | D10: =B10-C10 -> 0
A11: Клиенто дни после объединения | B11: =SUM('Данные'!I2:I505) -> 2760956 | C11: 2760956 | D11: =B11-C11 -> 0
A12: Сумма недельного оборота | B12: =SUM('Динамика'!D5:D10) -> 4.9623592e+09 | C12: 4.9623592e+09 | D12: =B12-C12 -> 0
A13: Сумма долей последней недели | B13: =SUM('Итоги'!C12:C29) -> 1 | C13: 1 | D13: =B13-C13 -> 0

Sheet Сводная
A2: Сводная таблица по неделям и территориям
A5: Понедельник ISO | B5: Территория | C5: Оборот руб | D5: Себестоимость руб | E5: Потери руб | F5: Складо дни | G5: Заказы | H5: Клиенто дни
A6: 43948 | B6: Волгоград | C6: 36934095 | D6: 28468607 | E6: 862168.45 | F6: 216 | G6: 28653 | H6: 26269
A7: 43948 | B7: Екатеринбург | C7: 42828758 | D7: 32504259 | E7: 940385.76 | F7: 186 | G7: 31393 | H7: 28967
A8: 43948 | B8: Казань | C8: 17828216 | D8: 13895907 | E8: 1099350.6 | F8: 118 | G8: 11075 | H8: 10022
A9: 43948 | B9: Кемерово | C9: 16029680 | D9: 12779410 | E9: 1156679.5 | F9: 111 | G9: 9989 | H9: 9024
A10: 43948 | B10: Краснодар | C10: 13955985 | D10: 11045697 | E10: 629446.83 | F10: 112 | G10: 9273 | H10: 8387
A11: 43948 | B11: Москва Восток | C11: 130713645 | D11: 95093709 | E11: 1689967.7 | F11: 324 | G11: 78520 | H11: 72812
A12: 43948 | B12: Москва Запад | C12: 136791225 | D12: 99555155 | E12: 1630325.2 | F12: 354 | G12: 82308 | H12: 76091
A13: 43948 | B13: Нижний Новгород | C13: 13145966 | D13: 10548761 | E13: 1030247.6 | F13: 111 | G13: 8588 | H13: 7529
A14: 43948 | B14: Новосибирск | C14: 5746024.5 | D14: 4970972.2 | E14: 702743.84 | F14: 90 | G14: 3812 | H14: 3292
A15: 43948 | B15: Пермь | C15: 6961020 | D15: 5685821 | E15: 1020574.4 | F15: 90 | G15: 4888 | H15: 4311
A16: 43948 | B16: Ростов-на-Дону | C16: 2008809 | D16: 1777068.4 | E16: 215405.92 | F16: 60 | G16: 1285 | H16: 1007
A17: 43948 | B17: Санкт-Петербург Север | C17: 233059077 | D17: 1.6945634e+08 | E17: 3925137.2 | F17: 750 | G17: 121540 | H17: 112130
... A97: 43983 | B97: Уфа | C97: 410892 | D97: 346029.05 | E97: 36168.754 | F97: 6 | G97: 237 | H97: 175
A98: Общий итог | C98: 4.9623592e+09 | D98: 3.7046794e+09 | E98: 1.3197416e+08 | F98: 20111 | G98: 2988770 | H98: 2760956
